predictor,slope,ci_lo,ci_hi,n
nonlinear_demand,43.58944892736363,-22.488127506478428,109.66702536120567,72
capacity_gap,0.006033666414548601,,,3
