predictor,slope,ci_lo,ci_hi,n
nonlinear_demand,-1.5357605171827893,-89.01999875158113,85.94847771721554,36
capacity_gap,-0.006035870163860574,,,3
