predictor,slope,ci_lo,ci_hi,n
nonlinear_demand,-4.861106941019985,-92.2521045338901,82.52989065185014,36
capacity_gap,-0.00599450283027176,,,3
