predictor,slope,ci_lo,ci_hi,n
nonlinear_demand,-14.948887180399803,-91.67796169074205,61.78018732994244,36
capacity_gap,-0.005201578704538103,-0.011685107661443378,0.001281950252367171,36
